"country","iso2c","iso3c","year","SL.UEM.TOTL.ZS","SI.POV.GINI","NY.GDP.PCAP.PP.KD","SM.POP.NETM"
"Denmark","DK","DNK",1960,NA,NA,NA,-726
"Denmark","DK","DNK",1961,NA,NA,NA,-400
"Denmark","DK","DNK",1962,NA,NA,NA,152
"Denmark","DK","DNK",1963,NA,NA,NA,545
"Denmark","DK","DNK",1964,NA,NA,NA,1060
"Denmark","DK","DNK",1965,NA,NA,NA,1584
"Denmark","DK","DNK",1966,NA,NA,NA,2089
"Denmark","DK","DNK",1967,NA,NA,NA,2561
"Denmark","DK","DNK",1968,NA,NA,NA,2961
"Denmark","DK","DNK",1969,NA,NA,NA,3337
"Denmark","DK","DNK",1970,NA,NA,NA,3763
"Denmark","DK","DNK",1971,NA,NA,NA,4087
"Denmark","DK","DNK",1972,NA,NA,NA,4349
"Denmark","DK","DNK",1973,NA,NA,NA,4568
"Denmark","DK","DNK",1974,NA,NA,NA,4635
"Denmark","DK","DNK",1975,NA,NA,NA,4643
"Denmark","DK","DNK",1976,NA,NA,NA,4527
"Denmark","DK","DNK",1977,NA,NA,NA,4254
"Denmark","DK","DNK",1978,NA,NA,NA,3905
"Denmark","DK","DNK",1979,NA,NA,NA,3449
"Denmark","DK","DNK",1980,NA,NA,NA,2904
"Denmark","DK","DNK",1981,NA,NA,NA,2575
"Denmark","DK","DNK",1982,NA,NA,NA,2456
"Denmark","DK","DNK",1983,NA,NA,NA,2606
"Denmark","DK","DNK",1984,NA,NA,NA,2926
"Denmark","DK","DNK",1985,NA,NA,NA,3498
"Denmark","DK","DNK",1986,NA,NA,NA,4227
"Denmark","DK","DNK",1987,NA,26.2,NA,5265
"Denmark","DK","DNK",1988,NA,NA,NA,6443
"Denmark","DK","DNK",1989,NA,NA,NA,7849
"Denmark","DK","DNK",1990,NA,NA,39027.9787365148,9449
"Denmark","DK","DNK",1991,9.1,NA,39469.3228084159,10812
"Denmark","DK","DNK",1992,9.03,24.7,40108.8919453015,11990
"Denmark","DK","DNK",1993,10.72,NA,39979.7573849561,13011
"Denmark","DK","DNK",1994,8.04,NA,41969.6887111547,13723
"Denmark","DK","DNK",1995,6.99,23,43015.6775097607,14157
"Denmark","DK","DNK",1996,6.84,NA,44013.3855851544,14394
"Denmark","DK","DNK",1997,5.4,NA,45260.1371186812,14313
"Denmark","DK","DNK",1998,5.04,NA,46096.3697234041,13972
"Denmark","DK","DNK",1999,5.14,NA,47298.5373518437,13391
"Denmark","DK","DNK",2000,4.48,23.8,48907.0114021027,12536
"Denmark","DK","DNK",2001,4.16,NA,49133.2231026505,11934
"Denmark","DK","DNK",2002,4.27,NA,49204.8990055345,11518
"Denmark","DK","DNK",2003,5.4,25.6,49262.6449732556,11337
"Denmark","DK","DNK",2004,5.2,24.9,50446.5416048985,11366
"Denmark","DK","DNK",2005,4.83,25.2,51483.273786293,11693
"Denmark","DK","DNK",2006,3.9,25.9,53322.2889991783,12217
"Denmark","DK","DNK",2007,3.8,26.2,53569.0280238008,13067
"Denmark","DK","DNK",2008,3.68,25.2,52982.5317373493,14111
"Denmark","DK","DNK",2009,6.41,26.7,50114.0500523227,15469
"Denmark","DK","DNK",2010,7.75,27.2,50825.4122929358,17037
"Denmark","DK","DNK",2011,7.77,27.3,51293.2061782002,18519
"Denmark","DK","DNK",2012,7.8,27.8,51216.309409926,19732
"Denmark","DK","DNK",2013,7.38,28.5,51479.2664533017,20779
"Denmark","DK","DNK",2014,6.93,28.4,52048.3354927846,21670
"Denmark","DK","DNK",2015,6.28,28.2,52892.6460290247,22368
"Denmark","DK","DNK",2016,5.99,28.2,54185.0084787703,22859
"Denmark","DK","DNK",2017,5.83,28.7,55356.680780178,23188
"Denmark","DK","DNK",2018,5.13,28.2,56178.7746299825,23337
"Denmark","DK","DNK",2019,5.02,27.7,56813.9641554635,23305
"Denmark","DK","DNK",2020,5.64,27.5,55518.5971009156,23076
"Denmark","DK","DNK",2021,5.06,NA,57962.6540943813,22746
"Denmark","DK","DNK",2022,4.172,NA,NA,19999
"France","FR","FRA",1960,NA,NA,NA,160864
"France","FR","FRA",1961,NA,NA,NA,177923
"France","FR","FRA",1962,NA,NA,NA,189952
"France","FR","FRA",1963,NA,NA,NA,198822
"France","FR","FRA",1964,NA,NA,NA,203089
"France","FR","FRA",1965,NA,NA,NA,202497
"France","FR","FRA",1966,NA,NA,NA,197365
"France","FR","FRA",1967,NA,NA,NA,188179
"France","FR","FRA",1968,NA,NA,NA,175643
"France","FR","FRA",1969,NA,NA,NA,157646
"France","FR","FRA",1970,NA,37.1,NA,135988
"France","FR","FRA",1971,NA,NA,NA,115636
"France","FR","FRA",1972,NA,NA,NA,97770
"France","FR","FRA",1973,NA,NA,NA,82273
"France","FR","FRA",1974,NA,NA,NA,70036
"France","FR","FRA",1975,NA,35.9,NA,60976
"France","FR","FRA",1976,NA,NA,NA,54481
"France","FR","FRA",1977,NA,NA,NA,50700
"France","FR","FRA",1978,NA,NA,NA,48194
"France","FR","FRA",1979,NA,34,NA,49639
"France","FR","FRA",1980,NA,NA,NA,53403
"France","FR","FRA",1981,NA,NA,NA,54535
"France","FR","FRA",1982,NA,NA,NA,55023
"France","FR","FRA",1983,NA,NA,NA,54930
"France","FR","FRA",1984,NA,33.4,NA,53502
"France","FR","FRA",1985,NA,NA,NA,50391
"France","FR","FRA",1986,NA,NA,NA,44525
"France","FR","FRA",1987,NA,NA,NA,37864
"France","FR","FRA",1988,NA,NA,NA,30843
"France","FR","FRA",1989,NA,NA,NA,21768
"France","FR","FRA",1990,NA,32.1,33843.0203949502,11404
"France","FR","FRA",1991,9.13,NA,33898.2340398527,4385
"France","FR","FRA",1992,10.2,NA,34269.2834434525,740
"France","FR","FRA",1993,11.32,NA,33906.2218602936,235
"France","FR","FRA",1994,12.59,NA,34576.319428202,4295
"France","FR","FRA",1995,11.83,NA,35176.6221101421,11505
"France","FR","FRA",1996,12.37,32,35546.5832844174,23046
"France","FR","FRA",1997,12.57,31.9,36247.6042941415,37822
"France","FR","FRA",1998,12.07,31.7,37409.3954906364,56608
"France","FR","FRA",1999,11.98,32.5,38490.040182087,77667
"France","FR","FRA",2000,10.22,32.6,39726.4884007159,102857
"France","FR","FRA",2001,8.61,32.5,40220.1008603728,122247
"France","FR","FRA",2002,8.7,31.8,40381.4595325319,137513
"France","FR","FRA",2003,8.31,31.4,40425.6380520509,148696
"France","FR","FRA",2004,8.91,30.6,41265.1269211355,154947
"France","FR","FRA",2005,8.49,29.8,41638.0317796772,155943
"France","FR","FRA",2006,8.45,29.7,42362.985412525,151814
"France","FR","FRA",2007,7.66,32.4,43123.5011328544,142170
"France","FR","FRA",2008,7.06,33,42993.0595165288,128627
"France","FR","FRA",2009,8.74,32.7,41544.0226065122,108940
"France","FR","FRA",2010,8.87,33.7,42145.6819456785,86355
"France","FR","FRA",2011,8.81,33.3,42862.415796739,65188
"France","FR","FRA",2012,9.4,33.1,42789.0519131717,49080
"France","FR","FRA",2013,9.92,32.5,42813.9335350732,36552
"France","FR","FRA",2014,10.29,32.3,43021.3946358903,26585
"France","FR","FRA",2015,10.35,32.7,43345.7864281559,18807
"France","FR","FRA",2016,10.05,31.9,43705.1475593257,14729
"France","FR","FRA",2017,9.41,31.6,44577.0645745394,13175
"France","FR","FRA",2018,9.02,32.4,45245.9608684875,14391
"France","FR","FRA",2019,8.41,31.2,45922.7947390313,17403
"France","FR","FRA",2020,8.01,30.7,42233.1396001127,18335
"France","FR","FRA",2021,7.86,NA,44993.1259455262,20614
"France","FR","FRA",2022,7.445,NA,NA,66601
"Germany","DE","DEU",1960,NA,NA,NA,100380
"Germany","DE","DEU",1961,NA,NA,NA,121350
"Germany","DE","DEU",1962,NA,NA,NA,137698
"Germany","DE","DEU",1963,NA,NA,NA,152170
"Germany","DE","DEU",1964,NA,NA,NA,162533
"Germany","DE","DEU",1965,NA,NA,NA,170903
"Germany","DE","DEU",1966,NA,NA,NA,176562
"Germany","DE","DEU",1967,NA,NA,NA,178457
"Germany","DE","DEU",1968,NA,NA,NA,178954
"Germany","DE","DEU",1969,NA,NA,NA,175007
"Germany","DE","DEU",1970,NA,NA,NA,168468
"Germany","DE","DEU",1971,NA,NA,NA,157046
"Germany","DE","DEU",1972,NA,NA,NA,141396
"Germany","DE","DEU",1973,NA,NA,NA,121476
"Germany","DE","DEU",1974,NA,NA,NA,95670
"Germany","DE","DEU",1975,NA,NA,NA,63902
"Germany","DE","DEU",1976,NA,NA,NA,25585
"Germany","DE","DEU",1977,NA,NA,NA,-919
"Germany","DE","DEU",1978,NA,NA,NA,-15269
"Germany","DE","DEU",1979,NA,NA,NA,-18647
"Germany","DE","DEU",1980,NA,NA,NA,-9445
"Germany","DE","DEU",1981,NA,NA,NA,10722
"Germany","DE","DEU",1982,NA,NA,NA,42143
"Germany","DE","DEU",1983,NA,NA,NA,85198
"Germany","DE","DEU",1984,NA,NA,NA,142722
"Germany","DE","DEU",1985,NA,NA,NA,214794
"Germany","DE","DEU",1986,NA,NA,NA,304200
"Germany","DE","DEU",1987,NA,NA,NA,375035
"Germany","DE","DEU",1988,NA,NA,NA,427377
"Germany","DE","DEU",1989,NA,NA,NA,461795
"Germany","DE","DEU",1990,NA,NA,36699.4817033163,479954
"Germany","DE","DEU",1991,5.32,29.5,38294.1549425118,482849
"Germany","DE","DEU",1992,6.32,29,38734.9384083447,470043
"Germany","DE","DEU",1993,7.68,28.5,38105.2306021284,441211
"Germany","DE","DEU",1994,8.73,29.2,38881.5691219288,394809
"Germany","DE","DEU",1995,8.16,28.7,39366.0886366488,330244
"Germany","DE","DEU",1996,8.82,28,39568.6024740843,246097
"Germany","DE","DEU",1997,9.86,28.3,40218.8468799392,178604
"Germany","DE","DEU",1998,9.79,28.1,41022.6146311397,125369
"Germany","DE","DEU",1999,8.85,29,41769.8120329084,86982
"Germany","DE","DEU",2000,7.92,28.8,42928.1813366719,60905
"Germany","DE","DEU",2001,7.77,29.9,43576.6365260124,48500
"Germany","DE","DEU",2002,8.48,29.9,43417.3079988044,45985
"Germany","DE","DEU",2003,9.78,29.9,43089.4738197519,54381
"Germany","DE","DEU",2004,10.73,30.2,43605.2786723109,73107
"Germany","DE","DEU",2005,11.17,31.6,43949.2881791796,102694
"Germany","DE","DEU",2006,10.25,31,45678.0819192686,145046
"Germany","DE","DEU",2007,8.66,31.1,47100.6097046962,180746
"Germany","DE","DEU",2008,7.52,30.9,47643.2227372401,211709
"Germany","DE","DEU",2009,7.74,30.5,45044.4863870437,240968
"Germany","DE","DEU",2010,6.97,30.3,46999.2399709894,267047
"Germany","DE","DEU",2011,5.82,30.7,49757.9241566763,293051
"Germany","DE","DEU",2012,5.38,31.1,49872.4474888681,317082
"Germany","DE","DEU",2013,5.23,31.5,49954.173749339,342555
"Germany","DE","DEU",2014,4.98,30.9,50845.5269954271,369027
"Germany","DE","DEU",2015,4.62,31.4,51159.2974643888,397921
"Germany","DE","DEU",2016,4.12,31.4,51879.6725937905,432017
"Germany","DE","DEU",2017,3.75,31.9,53071.4555699913,430803
"Germany","DE","DEU",2018,3.38,31.8,53431.3928655449,392587
"Germany","DE","DEU",2019,3.14,31.7,53874.3166510099,360560
"Germany","DE","DEU",2020,3.86,NA,51840.3296919358,334055
"Germany","DE","DEU",2021,3.57,NA,53179.6544047515,312735
"Germany","DE","DEU",2022,2.989,NA,NA,154592
"Hungary","HU","HUN",1960,NA,NA,NA,-1446
"Hungary","HU","HUN",1961,NA,NA,NA,-821
"Hungary","HU","HUN",1962,NA,NA,NA,-2054
"Hungary","HU","HUN",1963,NA,NA,NA,-342
"Hungary","HU","HUN",1964,NA,NA,NA,-751
"Hungary","HU","HUN",1965,NA,NA,NA,-1057
"Hungary","HU","HUN",1966,NA,NA,NA,-645
"Hungary","HU","HUN",1967,NA,NA,NA,255
"Hungary","HU","HUN",1968,NA,NA,NA,-922
"Hungary","HU","HUN",1969,NA,NA,NA,164
"Hungary","HU","HUN",1970,NA,NA,NA,583
"Hungary","HU","HUN",1971,NA,NA,NA,1235
"Hungary","HU","HUN",1972,NA,NA,NA,818
"Hungary","HU","HUN",1973,NA,NA,NA,289
"Hungary","HU","HUN",1974,NA,NA,NA,474
"Hungary","HU","HUN",1975,NA,NA,NA,1861
"Hungary","HU","HUN",1976,NA,NA,NA,1225
"Hungary","HU","HUN",1977,NA,NA,NA,384
"Hungary","HU","HUN",1978,NA,NA,NA,1338
"Hungary","HU","HUN",1979,NA,NA,NA,4787
"Hungary","HU","HUN",1980,NA,NA,NA,-18988
"Hungary","HU","HUN",1981,NA,NA,NA,-18148
"Hungary","HU","HUN",1982,NA,NA,NA,-17999
"Hungary","HU","HUN",1983,NA,NA,NA,-17700
"Hungary","HU","HUN",1984,NA,NA,NA,-17752
"Hungary","HU","HUN",1985,NA,NA,NA,-16765
"Hungary","HU","HUN",1986,NA,NA,NA,-16940
"Hungary","HU","HUN",1987,NA,NA,NA,-16603
"Hungary","HU","HUN",1988,NA,NA,NA,-16466
"Hungary","HU","HUN",1989,NA,NA,NA,-17359
"Hungary","HU","HUN",1990,NA,NA,NA,17545
"Hungary","HU","HUN",1991,8.5,NA,16429.7010794849,19281
"Hungary","HU","HUN",1992,9.94,NA,15932.4996239844,17604
"Hungary","HU","HUN",1993,12.1,NA,15858.7854892973,17225
"Hungary","HU","HUN",1994,10.85,NA,16348.5314766891,17065
"Hungary","HU","HUN",1995,10.17,NA,16615.1625534699,16934
"Hungary","HU","HUN",1996,10.02,NA,16657.4438558668,16527
"Hungary","HU","HUN",1997,8.99,NA,17215.6552344826,16324
"Hungary","HU","HUN",1998,8.93,NA,17928.7345289766,15643
"Hungary","HU","HUN",1999,6.93,NA,18531.7496543312,14610
"Hungary","HU","HUN",2000,6.56,NA,19412.1834111207,15478
"Hungary","HU","HUN",2001,5.67,NA,20249.4476396525,9927
"Hungary","HU","HUN",2002,5.61,NA,21270.0124793944,2412
"Hungary","HU","HUN",2003,5.79,NA,22200.1034081041,14182
"Hungary","HU","HUN",2004,5.83,29.9,23362.8116037033,16803
"Hungary","HU","HUN",2005,7.19,34.7,24414.5827800472,16615
"Hungary","HU","HUN",2006,7.49,28.3,25417.5470560859,20926
"Hungary","HU","HUN",2007,7.41,27.9,25527.5638613037,14398
"Hungary","HU","HUN",2008,7.82,27.5,25829.0324433882,16664
"Hungary","HU","HUN",2009,10.03,27,24162.2676854252,19182
"Hungary","HU","HUN",2010,11.17,29.4,24477.5753134225,11394
"Hungary","HU","HUN",2011,11.03,29.2,25005.286658847,889
"Hungary","HU","HUN",2012,11,30.8,24820.5161149403,16048
"Hungary","HU","HUN",2013,10.18,31.5,25337.5872257154,5296
"Hungary","HU","HUN",2014,7.73,30.9,26481.1657207028,11571
"Hungary","HU","HUN",2015,6.81,30.4,27528.3058524247,14166
"Hungary","HU","HUN",2016,5.11,30.3,28217.3540374351,-982
"Hungary","HU","HUN",2017,4.16,30.6,29501.1204204706,18044
"Hungary","HU","HUN",2018,3.71,29.6,31122.5027861567,31976
"Hungary","HU","HUN",2019,3.42,30,32649.141606821,33559
"Hungary","HU","HUN",2020,4.25,29.7,31231.5959420002,9042
"Hungary","HU","HUN",2021,4.05,NA,33593.1519691848,19870
"Hungary","HU","HUN",2022,3.423,NA,NA,616038
"Italy","IT","ITA",1960,NA,NA,NA,-145608
"Italy","IT","ITA",1961,NA,NA,NA,-133680
"Italy","IT","ITA",1962,NA,NA,NA,-34465
"Italy","IT","ITA",1963,NA,NA,NA,-32983
"Italy","IT","ITA",1964,NA,NA,NA,-28503
"Italy","IT","ITA",1965,NA,NA,NA,-37417
"Italy","IT","ITA",1966,NA,NA,NA,-41084
"Italy","IT","ITA",1967,NA,NA,NA,-40540
"Italy","IT","ITA",1968,NA,NA,NA,-59536
"Italy","IT","ITA",1969,NA,NA,NA,-47564
"Italy","IT","ITA",1970,NA,NA,NA,-67909
"Italy","IT","ITA",1971,NA,NA,NA,-58091
"Italy","IT","ITA",1972,NA,NA,NA,46122
"Italy","IT","ITA",1973,NA,NA,NA,47614
"Italy","IT","ITA",1974,NA,NA,NA,46875
"Italy","IT","ITA",1975,NA,NA,NA,46976
"Italy","IT","ITA",1976,NA,NA,NA,54058
"Italy","IT","ITA",1977,NA,NA,NA,53296
"Italy","IT","ITA",1978,NA,NA,NA,49142
"Italy","IT","ITA",1979,NA,NA,NA,48337
"Italy","IT","ITA",1980,NA,NA,NA,261163
"Italy","IT","ITA",1981,NA,NA,NA,-9842
"Italy","IT","ITA",1982,NA,NA,NA,-43214
"Italy","IT","ITA",1983,NA,NA,NA,-36074
"Italy","IT","ITA",1984,NA,NA,NA,-31310
"Italy","IT","ITA",1985,NA,NA,NA,-19940
"Italy","IT","ITA",1986,NA,32.5,NA,-16397
"Italy","IT","ITA",1987,NA,34.5,NA,-5191
"Italy","IT","ITA",1988,NA,NA,NA,7922
"Italy","IT","ITA",1989,NA,32.6,NA,13310
"Italy","IT","ITA",1990,NA,NA,36585.6799028741,21268
"Italy","IT","ITA",1991,10.1,31.5,37122.8219323764,20830
"Italy","IT","ITA",1992,9.32,NA,37407.1113238593,27442
"Italy","IT","ITA",1993,10.21,35.5,37065.4341248987,27613
"Italy","IT","ITA",1994,11.09,NA,37855.0077387082,24764
"Italy","IT","ITA",1995,11.66,35.2,38947.2013118497,28851
"Italy","IT","ITA",1996,11.86,NA,39429.4955552037,54527
"Italy","IT","ITA",1997,11.98,NA,40129.9018819235,51034
"Italy","IT","ITA",1998,12.12,36.7,40844.745605278,42190
"Italy","IT","ITA",1999,11.68,NA,41501.788369041,39982
"Italy","IT","ITA",2000,10.83,35.3,43053.93306429,49166
"Italy","IT","ITA",2001,9.6,NA,43869.4279411713,47084
"Italy","IT","ITA",2002,9.21,NA,43915.385340484,222527
"Italy","IT","ITA",2003,8.87,34.9,43781.2199783421,478254
"Italy","IT","ITA",2004,7.87,34.3,44118.0366368665,417189
"Italy","IT","ITA",2005,7.73,33.8,44260.8274173515,250910
"Italy","IT","ITA",2006,6.78,33.7,44918.1703531499,210398
"Italy","IT","ITA",2007,6.08,32.9,45356.5367193485,485871
"Italy","IT","ITA",2008,6.72,33.8,44623.6020153057,413349
"Italy","IT","ITA",2009,7.75,33.8,42074.9212455091,280126
"Italy","IT","ITA",2010,8.36,34.7,42664.3552727925,270043
"Italy","IT","ITA",2011,8.36,35.1,42892.3055641948,195257
"Italy","IT","ITA",2012,10.65,35.2,41501.7112309705,249033
"Italy","IT","ITA",2013,12.15,34.9,40268.1127892773,154366
"Italy","IT","ITA",2014,12.68,34.7,39898.5264609826,50102
"Italy","IT","ITA",2015,11.9,35.4,40247.8290437942,34031
"Italy","IT","ITA",2016,11.69,35.2,40837.7376281437,49591
"Italy","IT","ITA",2017,11.21,35.9,41581.120790548,70475
"Italy","IT","ITA",2018,10.61,35.2,42045.9214694407,75863
"Italy","IT","ITA",2019,9.95,34.6,42739.0499116836,21615
"Italy","IT","ITA",2020,9.16,35.2,39065.2820998578,28021
"Italy","IT","ITA",2021,9.5,NA,41929.4311112097,28021
"Italy","IT","ITA",2022,8.094,NA,NA,58496
"Netherlands","NL","NLD",1960,NA,NA,NA,-1845
"Netherlands","NL","NLD",1961,NA,NA,NA,-469
"Netherlands","NL","NLD",1962,NA,NA,NA,1376
"Netherlands","NL","NLD",1963,NA,NA,NA,3544
"Netherlands","NL","NLD",1964,NA,NA,NA,5663
"Netherlands","NL","NLD",1965,NA,NA,NA,8091
"Netherlands","NL","NLD",1966,NA,NA,NA,10636
"Netherlands","NL","NLD",1967,NA,NA,NA,13608
"Netherlands","NL","NLD",1968,NA,NA,NA,16791
"Netherlands","NL","NLD",1969,NA,NA,NA,20270
"Netherlands","NL","NLD",1970,NA,NA,NA,24024
"Netherlands","NL","NLD",1971,NA,NA,NA,27272
"Netherlands","NL","NLD",1972,NA,NA,NA,29789
"Netherlands","NL","NLD",1973,NA,NA,NA,31535
"Netherlands","NL","NLD",1974,NA,NA,NA,32613
"Netherlands","NL","NLD",1975,NA,NA,NA,32971
"Netherlands","NL","NLD",1976,NA,NA,NA,32630
"Netherlands","NL","NLD",1977,NA,NA,NA,31478
"Netherlands","NL","NLD",1978,NA,NA,NA,29717
"Netherlands","NL","NLD",1979,NA,NA,NA,27325
"Netherlands","NL","NLD",1980,NA,NA,NA,24210
"Netherlands","NL","NLD",1981,NA,NA,NA,21737
"Netherlands","NL","NLD",1982,NA,NA,NA,20102
"Netherlands","NL","NLD",1983,NA,28.4,NA,19123
"Netherlands","NL","NLD",1984,NA,NA,NA,18758
"Netherlands","NL","NLD",1985,NA,NA,NA,19149
"Netherlands","NL","NLD",1986,NA,NA,NA,20357
"Netherlands","NL","NLD",1987,NA,26.8,NA,22282
"Netherlands","NL","NLD",1988,NA,NA,NA,24900
"Netherlands","NL","NLD",1989,NA,NA,NA,28219
"Netherlands","NL","NLD",1990,NA,31.1,36461.4190196424,32373
"Netherlands","NL","NLD",1991,7.28,NA,37057.5831275013,35486
"Netherlands","NL","NLD",1992,5.56,NA,37405.9299673421,37760
"Netherlands","NL","NLD",1993,6.29,30.4,37613.2521936233,38984
"Netherlands","NL","NLD",1994,7.16,NA,38494.2178517725,39389
"Netherlands","NL","NLD",1995,7.16,NA,39498.1368221301,38760
"Netherlands","NL","NLD",1996,6.42,NA,40691.8903167389,37200
"Netherlands","NL","NLD",1997,5.51,NA,42235.4890688287,34673
"Netherlands","NL","NLD",1998,4.39,NA,43933.5681069516,31182
"Netherlands","NL","NLD",1999,3.62,28.1,45839.1314634489,26897
"Netherlands","NL","NLD",2000,2.73,NA,47422.2034047837,21650
"Netherlands","NL","NLD",2001,2.12,NA,48160.7843668965,17665
"Netherlands","NL","NLD",2002,2.55,NA,47958.3319661157,14789
"Netherlands","NL","NLD",2003,3.59,NA,47806.8844286609,13122
"Netherlands","NL","NLD",2004,4.65,29.8,48586.7046242077,12819
"Netherlands","NL","NLD",2005,5.87,29,49467.4354267059,13610
"Netherlands","NL","NLD",2006,5,30,51097.3626113331,15632
"Netherlands","NL","NLD",2007,4.15,29.6,52909.9697572206,18739
"Netherlands","NL","NLD",2008,3.65,29.3,53848.2522316971,23206
"Netherlands","NL","NLD",2009,4.35,27.9,51607.6057272318,28780
"Netherlands","NL","NLD",2010,4.99,27.8,52032.9865022429,35628
"Netherlands","NL","NLD",2011,4.98,27.8,52594.2290064164,41782
"Netherlands","NL","NLD",2012,5.82,27.6,51860.0559942119,46924
"Netherlands","NL","NLD",2013,7.24,28.1,51640.0766862304,51268
"Netherlands","NL","NLD",2014,7.42,28.6,52186.9973861206,54876
"Netherlands","NL","NLD",2015,6.87,28.2,52974.1162200949,57677
"Netherlands","NL","NLD",2016,6.01,28.2,53847.8265545448,59528
"Netherlands","NL","NLD",2017,4.84,28.5,55088.6338006744,60585
"Netherlands","NL","NLD",2018,3.83,28.1,56060.9136269404,60758
"Netherlands","NL","NLD",2019,3.38,29.2,56784.0372529824,60266
"Netherlands","NL","NLD",2020,3.82,26,54275.0030465677,58816
"Netherlands","NL","NLD",2021,4.21,NA,56617.3517924422,57439
"Netherlands","NL","NLD",2022,3.538,NA,NA,29998
"Norway","NO","NOR",1960,NA,NA,NA,-1990
"Norway","NO","NOR",1961,NA,NA,NA,978
"Norway","NO","NOR",1962,NA,NA,NA,637
"Norway","NO","NOR",1963,NA,NA,NA,744
"Norway","NO","NOR",1964,NA,NA,NA,-1909
"Norway","NO","NOR",1965,NA,NA,NA,-1976
"Norway","NO","NOR",1966,NA,NA,NA,-1247
"Norway","NO","NOR",1967,NA,NA,NA,1846
"Norway","NO","NOR",1968,NA,NA,NA,1647
"Norway","NO","NOR",1969,NA,NA,NA,2276
"Norway","NO","NOR",1970,NA,NA,NA,-1319
"Norway","NO","NOR",1971,NA,NA,NA,3107
"Norway","NO","NOR",1972,NA,NA,NA,5664
"Norway","NO","NOR",1973,NA,NA,NA,3396
"Norway","NO","NOR",1974,NA,NA,NA,4285
"Norway","NO","NOR",1975,NA,NA,NA,3311
"Norway","NO","NOR",1976,NA,NA,NA,4776
"Norway","NO","NOR",1977,NA,NA,NA,4655
"Norway","NO","NOR",1978,NA,NA,NA,3881
"Norway","NO","NOR",1979,NA,26.9,NA,2820
"Norway","NO","NOR",1980,NA,NA,NA,3745
"Norway","NO","NOR",1981,NA,NA,NA,5878
"Norway","NO","NOR",1982,NA,NA,NA,5756
"Norway","NO","NOR",1983,NA,NA,NA,4041
"Norway","NO","NOR",1984,NA,NA,NA,3801
"Norway","NO","NOR",1985,NA,NA,NA,6558
"Norway","NO","NOR",1986,NA,24.6,NA,7476
"Norway","NO","NOR",1987,NA,NA,NA,13732
"Norway","NO","NOR",1988,NA,NA,NA,10240
"Norway","NO","NOR",1989,NA,NA,NA,-1739
"Norway","NO","NOR",1990,NA,NA,42136.6031677456,1895
"Norway","NO","NOR",1991,5.41,25.2,43229.9163195117,8076
"Norway","NO","NOR",1992,5.91,NA,44517.4357160017,10216
"Norway","NO","NOR",1993,5.97,NA,45512.3902170491,12589
"Norway","NO","NOR",1994,5.35,NA,47541.7667101406,7652
"Norway","NO","NOR",1995,6.31,26,49260.9695215676,6522
"Norway","NO","NOR",1996,5.04,NA,51476.1992154047,5756
"Norway","NO","NOR",1997,4.69,NA,53903.4378206491,9777
"Norway","NO","NOR",1998,3.74,NA,54989.7027325446,13331
"Norway","NO","NOR",1999,3.25,NA,55713.7558893203,19147
"Norway","NO","NOR",2000,3.46,27.4,57127.3819959897,9789
"Norway","NO","NOR",2001,3.74,NA,58018.3114261599,7888
"Norway","NO","NOR",2002,4.02,NA,58540.8454427638,17269
"Norway","NO","NOR",2003,4.22,27.6,58728.1569902155,11447
"Norway","NO","NOR",2004,4.26,31.6,60699.5665822807,13425
"Norway","NO","NOR",2005,4.38,30.6,61870.3645561435,18467
"Norway","NO","NOR",2006,3.4,26.4,62846.9386813354,24017
"Norway","NO","NOR",2007,2.49,27.1,64062.4393106033,39806
"Norway","NO","NOR",2008,2.55,27,63570.3414789942,43884
"Norway","NO","NOR",2009,3.1,26.2,61689.5585425125,39234
"Norway","NO","NOR",2010,3.52,25.7,61353.4773254345,42906
"Norway","NO","NOR",2011,3.21,25.3,61157.1299274456,47281
"Norway","NO","NOR",2012,3.12,25.7,61990.6923569269,47786
"Norway","NO","NOR",2013,3.42,26.4,61878.9751793609,40480
"Norway","NO","NOR",2014,3.48,26.8,62390.1303126574,38565
"Norway","NO","NOR",2015,4.3,27.5,62987.5162863772,30329
"Norway","NO","NOR",2016,4.68,28.5,63104.0807823312,26425
"Norway","NO","NOR",2017,4.16,27,64050.7561654659,21584
"Norway","NO","NOR",2018,3.8,27.6,64341.2586813606,18388
"Norway","NO","NOR",2019,3.69,27.7,64385.0059928545,25564
"Norway","NO","NOR",2020,4.42,NA,63548.0008158322,10756
"Norway","NO","NOR",2021,4.37,NA,65662.1743876638,10604
"Norway","NO","NOR",2022,3.171,NA,NA,27998
"Poland","PL","POL",1960,NA,NA,NA,-20564
"Poland","PL","POL",1961,NA,NA,NA,-20143
"Poland","PL","POL",1962,NA,NA,NA,-23676
"Poland","PL","POL",1963,NA,NA,NA,-19321
"Poland","PL","POL",1964,NA,NA,NA,-19967
"Poland","PL","POL",1965,NA,NA,NA,-18112
"Poland","PL","POL",1966,NA,NA,NA,-15825
"Poland","PL","POL",1967,NA,NA,NA,-15646
"Poland","PL","POL",1968,NA,NA,NA,-20332
"Poland","PL","POL",1969,NA,NA,NA,-24738
"Poland","PL","POL",1970,NA,NA,NA,-71601
"Poland","PL","POL",1971,NA,NA,NA,-25735
"Poland","PL","POL",1972,NA,NA,NA,-28949
"Poland","PL","POL",1973,NA,NA,NA,-28055
"Poland","PL","POL",1974,NA,NA,NA,-26337
"Poland","PL","POL",1975,NA,NA,NA,-28852
"Poland","PL","POL",1976,NA,NA,NA,-29167
"Poland","PL","POL",1977,NA,NA,NA,-27206
"Poland","PL","POL",1978,NA,NA,NA,-48331
"Poland","PL","POL",1979,NA,NA,NA,-19290
"Poland","PL","POL",1980,NA,NA,NA,-12083
"Poland","PL","POL",1981,NA,NA,NA,-8982
"Poland","PL","POL",1982,NA,NA,NA,-20519
"Poland","PL","POL",1983,NA,NA,NA,-8333
"Poland","PL","POL",1984,NA,NA,NA,-5047
"Poland","PL","POL",1985,NA,NA,NA,-12963
"Poland","PL","POL",1986,NA,NA,NA,-20986
"Poland","PL","POL",1987,NA,NA,NA,-25496
"Poland","PL","POL",1988,NA,NA,NA,-98303
"Poland","PL","POL",1989,NA,NA,NA,-36389
"Poland","PL","POL",1990,NA,NA,11259.4374539943,-41244
"Poland","PL","POL",1991,12.963,NA,10432.4553060386,-44836
"Poland","PL","POL",1992,13.65,NA,10662.0805170735,-43464
"Poland","PL","POL",1993,14.39,NA,11032.5539913076,-38654
"Poland","PL","POL",1994,14.83,NA,11591.9988643683,-36956
"Poland","PL","POL",1995,13.7,NA,12398.5241269417,-48065
"Poland","PL","POL",1996,12.68,NA,13146.7560855391,-38917
"Poland","PL","POL",1997,10.96,NA,13985.4335763903,-37561
"Poland","PL","POL",1998,9.94,NA,14629.1983574495,-39215
"Poland","PL","POL",1999,12.29,NA,15311.4429382645,-24652
"Poland","PL","POL",2000,16.31,NA,16177.8676699697,315602
"Poland","PL","POL",2001,18.37,NA,16385.9971738588,-21293
"Poland","PL","POL",2002,19.89,NA,16727.3397661722,-21339
"Poland","PL","POL",2003,19.37,NA,17324.2161873998,-22621
"Poland","PL","POL",2004,19.07,38,18198.100044371,-17064
"Poland","PL","POL",2005,17.75,35.8,18844.5574819997,-21324
"Poland","PL","POL",2006,13.84,34.7,20012.6211116462,-47251
"Poland","PL","POL",2007,9.6,34,21437.4577379953,-29316
"Poland","PL","POL",2008,7.12,33.5,22334.7808599997,-20946
"Poland","PL","POL",2009,8.17,33.4,22951.7848210238,14220
"Poland","PL","POL",2010,9.64,33.2,23692.9092287668,-8835
"Poland","PL","POL",2011,9.63,33.2,24874.1718607858,-12188
"Poland","PL","POL",2012,10.09,33,25258.5933172132,-12077
"Poland","PL","POL",2013,10.33,33.1,25490.3289111664,-27597
"Poland","PL","POL",2014,8.99,32.8,26488.2002530072,-24234
"Poland","PL","POL",2015,7.5,31.8,27667.6890834735,-25426
"Poland","PL","POL",2016,6.16,31.2,28497.1036117662,-1967
"Poland","PL","POL",2017,4.89,29.7,29958.1207092074,-1983
"Poland","PL","POL",2018,3.85,30.2,31739.2569617723,-8736
"Poland","PL","POL",2019,3.28,28.8,33159.749027584,-2974
"Poland","PL","POL",2020,3.16,NA,32546.8259419319,-779
"Poland","PL","POL",2021,3.36,NA,34915.5235741243,-2968
"Poland","PL","POL",2022,2.602,NA,NA,3366387
"Spain","ES","ESP",1960,NA,NA,NA,-150213
"Spain","ES","ESP",1961,NA,NA,NA,-33339
"Spain","ES","ESP",1962,NA,NA,NA,-42096
"Spain","ES","ESP",1963,NA,NA,NA,-36275
"Spain","ES","ESP",1964,NA,NA,NA,-33780
"Spain","ES","ESP",1965,NA,NA,NA,-36245
"Spain","ES","ESP",1966,NA,NA,NA,-32459
"Spain","ES","ESP",1967,NA,NA,NA,-27597
"Spain","ES","ESP",1968,NA,NA,NA,-40257
"Spain","ES","ESP",1969,NA,NA,NA,-34330
"Spain","ES","ESP",1970,NA,NA,NA,-53295
"Spain","ES","ESP",1971,NA,NA,NA,14581
"Spain","ES","ESP",1972,NA,NA,NA,7538
"Spain","ES","ESP",1973,NA,NA,NA,9876
"Spain","ES","ESP",1974,NA,NA,NA,105120
"Spain","ES","ESP",1975,NA,NA,NA,1177
"Spain","ES","ESP",1976,NA,NA,NA,4854
"Spain","ES","ESP",1977,NA,NA,NA,195
"Spain","ES","ESP",1978,NA,NA,NA,-1893
"Spain","ES","ESP",1979,NA,NA,NA,-6124
"Spain","ES","ESP",1980,NA,34.5,NA,15108
"Spain","ES","ESP",1981,NA,NA,NA,-6044
"Spain","ES","ESP",1982,NA,NA,NA,-16439
"Spain","ES","ESP",1983,NA,NA,NA,-21369
"Spain","ES","ESP",1984,NA,NA,NA,-18090
"Spain","ES","ESP",1985,NA,34.4,NA,-17354
"Spain","ES","ESP",1986,NA,NA,NA,-19462
"Spain","ES","ESP",1987,NA,NA,NA,-22528
"Spain","ES","ESP",1988,NA,NA,NA,-24067
"Spain","ES","ESP",1989,NA,NA,NA,-31560
"Spain","ES","ESP",1990,NA,32,27528.4132467605,-38206
"Spain","ES","ESP",1991,15.93,NA,28157.5268953763,123866
"Spain","ES","ESP",1992,17.7,NA,28280.3260908948,162339
"Spain","ES","ESP",1993,22.16,NA,27843.8593467468,162620
"Spain","ES","ESP",1994,24.21,NA,28372.0314344106,162131
"Spain","ES","ESP",1995,22.68,36.7,29025.9945784136,164507
"Spain","ES","ESP",1996,22.14,NA,29674.392750146,164247
"Spain","ES","ESP",1997,20.7,NA,30644.3794443942,166516
"Spain","ES","ESP",1998,18.67,NA,31858.4991101859,168468
"Spain","ES","ESP",1999,15.48,NA,33154.4666207698,170694
"Spain","ES","ESP",2000,13.79,34.3,34738.0568248096,175213
"Spain","ES","ESP",2001,10.35,NA,35854.5847170553,185594
"Spain","ES","ESP",2002,11.15,NA,36317.1006783319,741349
"Spain","ES","ESP",2003,11.28,31.8,36729.7697105221,662840
"Spain","ES","ESP",2004,11.09,33.3,37228.7982165672,661105
"Spain","ES","ESP",2005,9.15,32.4,37942.0075754017,632974
"Spain","ES","ESP",2006,8.45,33.5,38836.5937852313,658689
"Spain","ES","ESP",2007,8.23,34.1,39498.591328633,774489
"Spain","ES","ESP",2008,11.25,34.2,39218.2916195663,430778
"Spain","ES","ESP",2009,17.86,34.9,37409.6428703791,130589
"Spain","ES","ESP",2010,19.86,35.2,37298.4693037577,62782
"Spain","ES","ESP",2011,21.39,35.7,36863.4930975241,57170
"Spain","ES","ESP",2012,24.79,35.4,35749.5127897115,-144619
"Spain","ES","ESP",2013,26.09,36.2,35363.5105480176,-254292
"Spain","ES","ESP",2014,24.44,36.1,35964.4613049308,-94869
"Spain","ES","ESP",2015,22.06,36.2,37373.9507171987,-871
"Spain","ES","ESP",2016,19.64,35.8,38476.787200798,89021
"Spain","ES","ESP",2017,17.22,34.7,39528.9253872668,167475
"Spain","ES","ESP",2018,15.25,34.7,40255.2537632492,339064
"Spain","ES","ESP",2019,14.1,34.3,40760.3089598945,458942
"Spain","ES","ESP",2020,15.53,34.9,35967.8915333896,208791
"Spain","ES","ESP",2021,14.78,NA,37913.0757304769,275022
"Spain","ES","ESP",2022,13.009,NA,NA,39998
"Sweden","SE","SWE",1960,NA,NA,NA,14792
"Sweden","SE","SWE",1961,NA,NA,NA,16108
"Sweden","SE","SWE",1962,NA,NA,NA,17188
"Sweden","SE","SWE",1963,NA,NA,NA,17993
"Sweden","SE","SWE",1964,NA,NA,NA,18697
"Sweden","SE","SWE",1965,NA,NA,NA,19129
"Sweden","SE","SWE",1966,NA,NA,NA,19267
"Sweden","SE","SWE",1967,NA,NA,NA,18977
"Sweden","SE","SWE",1968,NA,NA,NA,18272
"Sweden","SE","SWE",1969,NA,NA,NA,17334
"Sweden","SE","SWE",1970,NA,NA,NA,15779
"Sweden","SE","SWE",1971,NA,NA,NA,14363
"Sweden","SE","SWE",1972,NA,NA,NA,13131
"Sweden","SE","SWE",1973,NA,NA,NA,12147
"Sweden","SE","SWE",1974,NA,NA,NA,11254
"Sweden","SE","SWE",1975,NA,24.3,NA,10588
"Sweden","SE","SWE",1976,NA,NA,NA,10238
"Sweden","SE","SWE",1977,NA,NA,NA,10098
"Sweden","SE","SWE",1978,NA,NA,NA,10204
"Sweden","SE","SWE",1979,NA,NA,NA,10422
"Sweden","SE","SWE",1980,NA,NA,NA,11174
"Sweden","SE","SWE",1981,NA,22.9,NA,11834
"Sweden","SE","SWE",1982,NA,NA,NA,12496
"Sweden","SE","SWE",1983,NA,NA,NA,13153
"Sweden","SE","SWE",1984,NA,NA,NA,13823
"Sweden","SE","SWE",1985,NA,NA,NA,14534
"Sweden","SE","SWE",1986,NA,NA,NA,15194
"Sweden","SE","SWE",1987,NA,23.1,NA,15812
"Sweden","SE","SWE",1988,NA,NA,NA,16519
"Sweden","SE","SWE",1989,NA,NA,NA,17140
"Sweden","SE","SWE",1990,NA,NA,34156.8202971425,17724
"Sweden","SE","SWE",1991,3.24,NA,33536.0149056118,18514
"Sweden","SE","SWE",1992,5.72,24.9,32953.6182903423,19363
"Sweden","SE","SWE",1993,9.33,NA,32086.0126428301,20278
"Sweden","SE","SWE",1994,9.58,NA,33110.8255761839,21185
"Sweden","SE","SWE",1995,8.9,25.2,34233.7027776288,22161
"Sweden","SE","SWE",1996,9.55,NA,34719.1107469171,23219
"Sweden","SE","SWE",1997,10.36,NA,35764.6847640308,24183
"Sweden","SE","SWE",1998,8.94,NA,37286.0953943757,25405
"Sweden","SE","SWE",1999,7.61,NA,38839.4262714954,26554
"Sweden","SE","SWE",2000,5.47,27.2,40625.3620520538,27734
"Sweden","SE","SWE",2001,4.73,NA,41103.7264589774,29249
"Sweden","SE","SWE",2002,4.97,NA,41870.2591560099,31068
"Sweden","SE","SWE",2003,5.55,25.3,42678.2841388566,33445
"Sweden","SE","SWE",2004,6.69,26.1,44354.3910620977,36044
"Sweden","SE","SWE",2005,7.49,26.8,45440.2967492535,39103
"Sweden","SE","SWE",2006,7.07,26.4,47292.3136933265,42580
"Sweden","SE","SWE",2007,6.16,27.1,48557.3843477247,46383
"Sweden","SE","SWE",2008,6.23,28.1,47963.4937520407,50669
"Sweden","SE","SWE",2009,8.35,27.3,45492.768174936,55405
"Sweden","SE","SWE",2010,8.61,27.7,47791.3715245947,60639
"Sweden","SE","SWE",2011,7.8,27.6,48947.4393112155,65397
"Sweden","SE","SWE",2012,7.98,27.6,48300.8425001578,69451
"Sweden","SE","SWE",2013,8.05,28.8,48462.1600029489,72873
"Sweden","SE","SWE",2014,7.95,28.4,49258.9961639539,75670
"Sweden","SE","SWE",2015,7.43,29.2,50928.962975552,77987
"Sweden","SE","SWE",2016,6.99,29.6,51334.4320301641,79667
"Sweden","SE","SWE",2017,6.72,28.8,51947.9542478244,80765
"Sweden","SE","SWE",2018,6.36,30,52349.2924275599,81492
"Sweden","SE","SWE",2019,6.83,29.3,52850.5691792533,81585
"Sweden","SE","SWE",2020,8.29,28.9,51331.2822226344,81066
"Sweden","SE","SWE",2021,8.72,NA,53613.4217306257,80097
"Sweden","SE","SWE",2022,7.358,NA,NA,39998
